Model,Model_size_GB,Inference_Time_ms,BLEU_Score,Fact_Checking_Score_(0-100),TOPSIS_Score,Rank
BLOOM,3.9,2.1,42.1,82,0.3204616128292827,4.0
TinyLlama,2.8,3.0,38.0,92,0.4564234111720755,2.0
PairRM,1.5,0.8,35.8,75,0.9854887474032528,1.0
Bart Large,3.0,2.5,40.3,83,0.42778090390049056,3.0
mistral,18.6,3.8,44.2,88,0.012984824036862222,5.0
